X,627,T
X,726,A
X,1020,A
D,1043,-
X,1536,C
X,1702,T
X,1706,A
X,2795,T
D,2918,-
X,3211,C
I,3306,C
X,3501,T
D,3626,-
X,3681,T
X,3895,G
D,3921,-
X,4057,T
X,4074,G
X,4142,T
X,4748,C
X,4867,A
X,5793,A
D,6197,-
X,6399,A
X,6885,C
D,7019,-
X,7115,T
X,7184,A
X,7448,A
D,7595,-
X,7656,C
X,7675,C
D,7891,-
X,8088,G
X,8493,C
X,8770,T
X,9437,G
X,9577,T
D,9696,-
D,10054,-
X,10109,C
X,10750,A
X,10957,A
D,10962,-
X,12265,G
X,12496,C
X,12712,G
X,12893,T
X,13151,A
X,13746,G
X,14770,T
D,15006,-
D,15236,-
X,15570,G
X,15576,C
X,16102,T
X,16185,A
X,16348,G
X,16360,T
D,16418,-
X,16812,A
D,16989,-
X,17630,G
X,18443,G
X,18480,G
D,18651,-
X,19041,T
X,20716,T
X,20763,C
X,21828,T
X,21989,C
X,22528,G
X,23468,C
D,23513,-
D,24220,-
X,24276,G
D,24478,-
X,25221,A
D,25291,-
D,26450,-
X,26581,C
X,26646,C
X,26664,C
X,27049,G
X,27055,T
D,27331,-
X,27332,A
X,27869,C
X,27945,T
D,28192,-
X,28234,G
D,28392,-
X,28568,A
X,28602,T
X,28606,T
D,28914,-
X,29048,A
X,29697,C
D,29977,-
X,30246,A
X,30787,G
X,31555,T
X,31663,G
D,31984,-
X,32149,C
X,32582,A
X,32854,A
D,33176,-
X,33186,A
X,33403,C
X,33522,C
X,33823,G
X,33965,A
X,34934,G
X,35049,C
X,35157,C
X,35268,C
X,35630,C
X,35939,C
X,36272,C
D,36867,-
X,37000,A
D,37116,-
X,37338,G
X,37501,G
D,37508,-
D,38447,-
X,38500,G
D,38955,-
X,39061,T
X,39209,G
X,39225,C
D,39362,-
X,39806,T
X,40432,T
X,40497,T
X,40991,T
X,41146,C
X,41508,G
X,42389,A
X,42564,T
D,43721,-
X,43867,A
X,43949,A
X,44373,G
X,44428,T
X,44436,G
X,44566,G
X,45044,A
X,45142,G
X,45653,T
X,45905,C
X,46230,A
D,46816,-
X,47009,T
X,47093,A
X,47143,A
D,47224,-
D,47420,-
D,47872,-
X,47976,T
X,48018,C
