X,86,T
X,87,A
X,88,G
X,89,T
X,90,C
X,91,A
X,92,T
X,93,C
X,94,A
X,95,T
X,96,T
X,97,T
X,98,G
X,99,C
X,100,T
X,101,C
X,102,G
X,103,C
X,104,A
X,105,G
X,106,T
X,107,A
X,108,G
I,184,C
I,307,C
I,409,G
I,477,C
I,544,T
I,681,A
I,697,T
I,773,C
I,868,A
I,1700,C
I,1827,T
I,1889,C
I,47334,G
X,47793,A
I,47909,T
X,48077,G
X,48078,C
X,48079,T
X,48080,T
X,48081,A
X,48082,A
X,48083,T
X,48091,A
X,48092,C
X,48119,T
X,48122,C
X,48123,A
X,48135,T
X,48136,A
X,48137,A
X,48138,T
X,48142,C
X,48143,C
X,48146,T
X,48147,A
X,48156,A
X,48157,G
X,48158,A
X,48159,C
X,48162,G
X,48171,C
X,48175,A
X,48205,A
X,48206,A
X,48207,T
X,48208,G
X,48209,T
X,48210,C
X,48211,A
X,48212,A
X,48213,C
X,48214,A
X,48215,T
X,48216,A
I,48217,T
X,48218,A
X,48219,C
X,48220,C
X,48221,T
X,48222,G
X,48223,A
X,48224,G
X,48225,A
X,48226,C
X,48227,T
X,48228,A
X,48229,C
X,48230,C
X,48231,C
X,48232,A
X,48233,A
X,48234,T
X,48235,T
X,48236,A
X,48237,T
X,48238,C
X,48239,A
X,48240,A
X,48241,G
X,48242,C
X,48243,G
X,48244,C
X,48245,A
X,48246,G
X,48247,G
X,48248,C
X,48249,A
X,48250,G
X,48251,T
X,48252,T
X,48253,G
X,48254,T
X,48255,C
X,48256,C
X,48257,A
X,48258,A
X,48259,T
X,48260,A
X,48261,A
X,48262,T
X,48263,T
X,48264,A
X,48265,T
X,48266,T
X,48267,G
X,48268,G
X,48269,A
X,48270,C
X,48271,T
X,48272,G
X,48273,C
X,48274,G
X,48275,C
X,48276,A
X,48277,T
X,48278,G
X,48279,A
X,48280,G
X,48281,A
X,48282,T
X,48283,T
X,48284,A
X,48285,G
X,48286,C
X,48287,T
X,48288,T
X,48289,A
X,48290,T
X,48291,G
X,48292,G
X,48293,T
X,48294,T
X,48295,T
X,48296,G
X,48297,G
X,48298,G
X,48299,T
X,48300,T
X,48301,C
X,48302,G
X,48303,G
X,48304,T
X,48305,G
X,48306,G
X,48307,G
X,48308,G
X,48309,T
X,48310,A
X,48311,C
X,48312,G
X,48313,G
X,48314,A
X,48315,T
X,48316,G
X,48317,A
X,48318,A
X,48319,C
X,48320,A
X,48321,G
X,48322,A
X,48323,C
X,48324,A
X,48325,T
X,48326,C
X,48327,A
X,48328,A
X,48329,A
X,48330,T
X,48331,C
X,48332,T
X,48333,A
X,48334,G
X,48335,T
X,48336,C
X,48337,C
X,48338,A
X,48339,G
X,48340,T
X,48341,T
X,48342,T
I,48343,A
X,48344,C
X,48345,T
X,48346,A
X,48347,T
X,48348,A
X,48349,T
X,48350,A
X,48351,T
X,48352,A
X,48353,C
X,48354,C
X,48355,G
X,48356,T
X,48357,C
X,48358,C
X,48359,T
X,48360,A
X,48361,C
X,48362,G
X,48363,A
X,48364,C
X,48365,C
X,48366,T
X,48367,A
X,48368,G
X,48369,G
X,48370,T
X,48371,T
X,48372,T
X,48373,T
X,48374,C
X,48375,G
X,48376,A
X,48377,A
X,48378,T
X,48379,G
X,48380,C
X,48381,A
X,48382,T
X,48383,T
X,48384,G
I,48385,G
X,48386,C
X,48387,A
X,48388,C
X,48389,T
X,48390,C
X,48391,G
X,48392,C
X,48393,T
X,48394,T
X,48395,A
X,48396,C
X,48397,C
X,48398,G
X,48399,C
X,48400,A
X,48401,A
X,48402,G
X,48403,C
X,48404,T
X,48405,T
X,48406,C
X,48407,T
X,48408,G
X,48409,T
X,48410,A
X,48411,T
X,48412,C
X,48413,G
X,48414,C
X,48415,C
X,48416,A
X,48417,G
X,48418,G
X,48419,G
X,48420,G
X,48421,A
X,48422,A
X,48423,G
X,48424,G
X,48425,A
X,48426,C
X,48427,C
X,48428,A
X,48429,G
X,48430,T
X,48431,C
X,48432,T
X,48433,A
X,48434,T
X,48435,T
X,48436,G
X,48437,A
X,48438,T
X,48439,C
X,48440,G
X,48441,G
X,48442,A
X,48443,G
X,48444,C
X,48445,G
X,48446,G
X,48447,A
X,48448,A
X,48449,C
X,48450,C
X,48451,T
X,48452,G
X,48453,T
X,48454,G
X,48455,C
X,48456,G
X,48457,G
X,48458,C
X,48459,C
X,48460,T
X,48461,G
X,48462,C
X,48463,A
X,48464,G
X,48465,T
X,48466,A
X,48467,A
X,48468,T
X,48469,A
X,48470,A
X,48471,A
X,48472,T
X,48473,T
X,48474,G
X,48475,C
X,48476,G
X,48477,G
X,48478,T
X,48479,C
X,48480,T
X,48481,A
X,48482,A
X,48483,T
X,48484,G
X,48485,G
X,48486,T
X,48487,G
X,48488,G
X,48489,C
X,48490,T
X,48491,G
X,48492,C
X,48493,T
X,48494,C
X,48495,A
X,48496,T
X,48497,T
X,48498,G
X,48499,T
X,48500,T
X,48501,G
I,48502,C
